-- ============================================
-- SIMS - Dummy Data untuk Laporan
-- Run di MySQL/MariaDB setelah database.sql & migration dijalankan
-- ============================================

USE `sims_db`;

-- ============================================
-- 1. SETTING WEB
-- ============================================
UPDATE `pengaturan_web` SET
    `nama_sekolah` = 'MTs Al-Falah Indonesia',
    `alamat` = 'Jl. Pendidikan No. 123, Kelurahan Cerdas, Kecamatan Maju, Kota Pelajar 45678',
    `no_kontak` = '(021) 1234567',
    `email` = 'info@mtsalfalah.sch.id',
    `jam_operasional` = 'Senin - Jumat: 07.00 - 15.30 WIB'
WHERE `id` = 1;

INSERT IGNORE INTO `pengaturan_web` (`id`, `nama_sekolah`, `alamat`, `no_kontak`, `email`, `jam_operasional`) VALUES
(1, 'MTs Al-Falah Indonesia', 'Jl. Pendidikan No. 123, Kelurahan Cerdas, Kecamatan Maju, Kota Pelajar 45678', '(021) 1234567', 'info@mtsalfalah.sch.id', 'Senin - Jumat: 07.00 - 15.30 WIB');

-- ============================================
-- 2. KEPALA SEKOLAH
-- ============================================
INSERT INTO `kepala_sekolah` (`id`, `nip`, `nama`, `periode_mulai`, `periode_selesai`, `status_aktif`) VALUES
(1, '196504151990031008', 'Dr. H. Muhammad Yusuf, M.Pd.I', '2020-07-01', NULL, 1)
ON DUPLICATE KEY UPDATE `nama` = VALUES(`nama`), `status_aktif` = 1;

-- ============================================
-- 3. TAMBAH GURU (total 15)
-- ============================================
INSERT IGNORE INTO `guru` (`id`, `nip`, `nama`, `jenis_kelamin`, `alamat`, `no_hp`, `email`) VALUES
(5,  '198102052009012005', 'Rina Marlina, M.Pd',       'P', 'Jl. Anggrek No. 10',       '08112233441', 'rina@mtsalfalah.sch.id'),
(6,  '197807152005011006', 'Drs. Haryono',              'L', 'Jl. Kenanga No. 7',        '08112233442', 'haryono@mtsalfalah.sch.id'),
(7,  '198509102010012007', 'Nurul Hidayah, S.Pd.I',     'P', 'Jl. Melati No. 15',        '08112233443', 'nurul@mtsalfalah.sch.id'),
(8,  '197706252002121001', 'Agus Wahyudi, S.Kom',       'L', 'Jl. Mawar No. 22',         '08112233444', 'agus@mtsalfalah.sch.id'),
(9,  '198812032012012008', 'Fitri Handayani, S.Pd',     'P', 'Jl. Flamboyan No. 8',      '08112233445', 'fitri@mtsalfalah.sch.id'),
(10, '199003152015011009', 'Rizky Pratama, M.Pd',       'L', 'Jl. Cempaka No. 3',        '08112233446', 'rizky@mtsalfalah.sch.id'),
(11, '198406112008012010', 'Anisa Rahmawati, S.Si',     'P', 'Jl. Dahlia No. 12',        '08112233447', 'anisa@mtsalfalah.sch.id'),
(12, '197912202003121002', 'Yusuf Hermawan, S.Ag',      'L', 'Jl. Kamboja No. 5',        '08112233448', 'yusuf@mtsalfalah.sch.id'),
(13, '199108182014012011', 'Sari Indah, S.Pd',          'P', 'Jl. Teratai No. 9',        '08112233449', 'sari@mtsalfalah.sch.id'),
(14, '198305052007011012', 'Bambang Supriyadi, M.Pd',   'L', 'Jl. Bougenville No. 11',   '08112233450', 'bambang@mtsalfalah.sch.id'),
(15, '199406212016012012', 'Lina Kusumawati, S.Psi',    'P', 'Jl. Nusa Indah No. 4',     '08112233451', 'lina@mtsalfalah.sch.id');

-- ============================================
-- 4. TAMBAH MATA PELAJARAN (total 15, sesuai MTS)
-- ============================================
INSERT IGNORE INTO `mata_pelajaran` (`id`, `kode`, `nama`, `guru_id`) VALUES
(6,  'QH',  'Al-Qur''an Hadis',     7),
(7,  'AA',  'Akidah Akhlak',        7),
(8,  'FKH', 'Fikih',                12),
(9,  'SKI', 'Sejarah Kebudayaan Islam', 12),
(10, 'BAB', 'Bahasa Arab',          7),
(11, 'PKN', 'Pendidikan Kewarganegaraan', 6),
(12, 'IPA', 'Ilmu Pengetahuan Alam', 10),
(13, 'IPS', 'Ilmu Pengetahuan Sosial', 6),
(14, 'SBK', 'Seni Budaya & Keterampilan', 13),
(15, 'PJK', 'Pendidikan Jasmani & Kesehatan', 14),
(16, 'PKY', 'Prakarya',             9),
(17, 'MUL', 'Muatan Lokal',         15);

-- Update existing mapel
UPDATE IGNORE `mata_pelajaran` SET `guru_id` = 1 WHERE `id` = 1;
UPDATE IGNORE `mata_pelajaran` SET `guru_id` = 2 WHERE `id` = 2;
UPDATE IGNORE `mata_pelajaran` SET `guru_id` = 10 WHERE `id` = 3;
UPDATE IGNORE `mata_pelajaran` SET `guru_id` = 11 WHERE `id` = 4;
UPDATE IGNORE `mata_pelajaran` SET `guru_id` = 5 WHERE `id` = 5;

-- ============================================
-- 5. SET WALI KELAS
-- ============================================
UPDATE `kelas` SET `wali_kelas_id` = 1 WHERE `id` = 1;
UPDATE `kelas` SET `wali_kelas_id` = 2 WHERE `id` = 2;
UPDATE `kelas` SET `wali_kelas_id` = 6 WHERE `id` = 3;
UPDATE `kelas` SET `wali_kelas_id` = 3 WHERE `id` = 4;
UPDATE `kelas` SET `wali_kelas_id` = 5 WHERE `id` = 5;
UPDATE `kelas` SET `wali_kelas_id` = 9 WHERE `id` = 6;
UPDATE `kelas` SET `wali_kelas_id` = 10 WHERE `id` = 7;
UPDATE `kelas` SET `wali_kelas_id` = 11 WHERE `id` = 8;
UPDATE `kelas` SET `wali_kelas_id` = 14 WHERE `id` = 9;

-- ============================================
-- 6. TAMBAH SISWA (tambahan 85 siswa, total ~90)
-- ============================================
INSERT IGNORE INTO `siswa` (`id`, `nis`, `nama`, `kelas_id`, `jenis_kelamin`, `tempat_lahir`, `tanggal_lahir`, `alamat`, `no_hp`) VALUES
-- Kelas X IPA 1 (id=1) [existing: 2024001 Andi, 2024002 Bela] -> +8 siswa
(6,  '2024006', 'Fajar Gunawan',        1, 'L', 'Jakarta',   '2008-02-14', 'Jl. Merdeka No. 2',     '08112233001'),
(7,  '2024007', 'Gina Amelia',          1, 'P', 'Bogor',     '2008-05-20', 'Jl. Merdeka No. 3',     '08112233002'),
(8,  '2024008', 'Hendra Setiawan',      1, 'L', 'Jakarta',   '2008-08-11', 'Jl. Merdeka No. 4',     '08112233003'),
(9,  '2024009', 'Indah Permata',        1, 'P', 'Bekasi',    '2008-11-03', 'Jl. Merdeka No. 5',     '08112233004'),
(10, '2024010', 'Joko Sudiro',          1, 'L', 'Jakarta',   '2008-04-25', 'Jl. Merdeka No. 6',     '08112233005'),
(11, '2024011', 'Kartika Dewi',         1, 'P', 'Tangerang', '2008-09-17', 'Jl. Merdeka No. 7',     '08112233006'),
(12, '2024012', 'Lutfi Rahman',         1, 'L', 'Depok',     '2008-01-30', 'Jl. Merdeka No. 8',     '08112233007'),
(13, '2024013', 'Mira Sari',            1, 'P', 'Jakarta',   '2008-06-22', 'Jl. Merdeka No. 9',     '08112233008'),

-- Kelas X IPA 2 (id=2) [existing: 2024003 Cahyo] -> +9 siswa
(14, '2024014', 'Nadia Putri',          2, 'P', 'Jakarta',   '2008-03-11', 'Jl. Sudirman No. 6',    '08112233009'),
(15, '2024015', 'Oscar Prasetya',       2, 'L', 'Bogor',     '2008-07-08', 'Jl. Sudirman No. 7',    '08112233010'),
(16, '2024016', 'Prita Anjani',         2, 'P', 'Bandung',   '2008-10-19', 'Jl. Sudirman No. 8',    '08112233011'),
(17, '2024017', 'Qory Febriani',        2, 'P', 'Jakarta',   '2008-12-02', 'Jl. Sudirman No. 9',    '08112233012'),
(18, '2024018', 'Rudi Hermanto',        2, 'L', 'Depok',     '2008-04-15', 'Jl. Sudirman No. 10',   '08112233013'),
(19, '2024019', 'Shinta Maharani',      2, 'P', 'Bekasi',    '2008-08-28', 'Jl. Sudirman No. 11',   '08112233014'),
(20, '2024020', 'Tio Ardiansyah',       2, 'L', 'Jakarta',   '2008-01-05', 'Jl. Sudirman No. 12',   '08112233015'),
(21, '2024021', 'Umi Khasanah',         2, 'P', 'Tangerang', '2008-06-14', 'Jl. Sudirman No. 13',   '08112233016'),
(22, '2024022', 'Vino Satria',          2, 'L', 'Jakarta',   '2008-09-30', 'Jl. Sudirman No. 14',   '08112233017'),

-- Kelas X IPS 1 (id=3) -> +10 siswa
(23, '2024023', 'Wahyu Nugroho',        3, 'L', 'Jakarta',   '2008-02-18', 'Jl. Pahlawan No. 9',    '08112233018'),
(24, '2024024', 'Xena Aulia',           3, 'P', 'Bogor',     '2008-05-25', 'Jl. Pahlawan No. 10',   '08112233019'),
(25, '2024025', 'Yoga Pratama',         3, 'L', 'Bandung',   '2008-08-07', 'Jl. Pahlawan No. 11',   '08112233020'),
(26, '2024026', 'Zahra Kamila',         3, 'P', 'Depok',     '2008-11-12', 'Jl. Pahlawan No. 12',   '08112233021'),
(27, '2024027', 'Adit Febrian',         3, 'L', 'Jakarta',   '2008-03-28', 'Jl. Pahlawan No. 13',   '08112233022'),
(28, '2024028', 'Bunga Lestari',        3, 'P', 'Bekasi',    '2008-06-19', 'Jl. Pahlawan No. 14',   '08112233023'),
(29, '2024029', 'Cipto Wibowo',         3, 'L', 'Tangerang', '2008-09-04', 'Jl. Pahlawan No. 15',   '08112233024'),
(30, '2024030', 'Dina Marlina',         3, 'P', 'Jakarta',   '2008-01-22', 'Jl. Pahlawan No. 16',   '08112233025'),
(31, '2024031', 'Evan Maulana',         3, 'L', 'Bogor',     '2008-04-09', 'Jl. Pahlawan No. 17',   '08112233026'),
(32, '2024032', 'Fanya Putri',          3, 'P', 'Jakarta',   '2008-07-16', 'Jl. Pahlawan No. 18',   '08112233027'),

-- Kelas XI IPA 1 (id=4) [existing: 2024004 Dian] -> +9 siswa
(33, '2024033', 'Galih Purnomo',        4, 'L', 'Jakarta',   '2007-02-05', 'Jl. Gajah Mada No. 4',  '08112233028'),
(34, '2024034', 'Hayati Ningsih',       4, 'P', 'Bandung',   '2007-05-13', 'Jl. Gajah Mada No. 5',  '08112233029'),
(35, '2024035', 'Irfan Syahputra',      4, 'L', 'Bogor',     '2007-08-21', 'Jl. Gajah Mada No. 6',  '08112233030'),
(36, '2024036', 'Jennie Kusuma',        4, 'P', 'Depok',     '2007-11-28', 'Jl. Gajah Mada No. 7',  '08112233031'),
(37, '2024037', 'Kevin Andika',         4, 'L', 'Jakarta',   '2007-03-15', 'Jl. Gajah Mada No. 8',  '08112233032'),
(38, '2024038', 'Lia Marliana',         4, 'P', 'Bekasi',    '2007-06-22', 'Jl. Gajah Mada No. 9',  '08112233033'),
(39, '2024039', 'Marwan Hakim',         4, 'L', 'Tangerang', '2007-09-08', 'Jl. Gajah Mada No. 10', '08112233034'),
(40, '2024040', 'Nikita Putri',         4, 'P', 'Jakarta',   '2007-12-14', 'Jl. Gajah Mada No. 11', '08112233035'),
(41, '2024041', 'Oki Firmansyah',       4, 'L', 'Bogor',     '2007-04-29', 'Jl. Gajah Mada No. 12', '08112233036'),

-- Kelas XI IPA 2 (id=5) -> +10 siswa
(42, '2024042', 'Putri Ayu Lestari',    5, 'P', 'Jakarta',   '2007-01-18', 'Jl. Gajah Mada No. 13', '08112233037'),
(43, '2024043', 'Qais Ibrahim',         5, 'L', 'Bandung',   '2007-07-05', 'Jl. Gajah Mada No. 14', '08112233038'),
(44, '2024044', 'Restu Kurniawan',      5, 'L', 'Depok',     '2007-10-12', 'Jl. Gajah Mada No. 15', '08112233039'),
(45, '2024045', 'Sinta Bella',          5, 'P', 'Bekasi',    '2007-04-07', 'Jl. Gajah Mada No. 16', '08112233040'),
(46, '2024046', 'Tegar Prasetyo',       5, 'L', 'Jakarta',   '2007-08-25', 'Jl. Gajah Mada No. 17', '08112233041'),
(47, '2024047', 'Uswatun Hasanah',      5, 'P', 'Bogor',     '2007-02-11', 'Jl. Gajah Mada No. 18', '08112233042'),
(48, '2024048', 'Vicky Ramadhan',       5, 'L', 'Tangerang', '2007-06-09', 'Jl. Gajah Mada No. 19', '08112233043'),
(49, '2024049', 'Widya Kusumawati',     5, 'P', 'Jakarta',   '2007-11-19', 'Jl. Gajah Mada No. 20', '08112233044'),
(50, '2024050', 'Xaverius Santoso',     5, 'L', 'Bandung',   '2007-09-01', 'Jl. Gajah Mada No. 21', '08112233045'),
(51, '2024051', 'Yunita Rahayu',        5, 'P', 'Depok',     '2007-03-30', 'Jl. Gajah Mada No. 22', '08112233046'),

-- Kelas XI IPS 1 (id=6) -> +10 siswa
(52, '2024052', 'Zahran Fikri',         6, 'L', 'Jakarta',   '2007-01-12', 'Jl. Gajah Mada No. 23', '08112233047'),
(53, '2024053', 'Ana Maria',            6, 'P', 'Bogor',     '2007-05-24', 'Jl. Gajah Mada No. 24', '08112233048'),
(54, '2024054', 'Bima Satrio',          6, 'L', 'Bekasi',    '2007-08-05', 'Jl. Gajah Mada No. 25', '08112233049'),
(55, '2024055', 'Citra Mutiara',        6, 'P', 'Jakarta',   '2007-10-18', 'Jl. Gajah Mada No. 26', '08112233050'),
(56, '2024056', 'Dimas Ardian',         6, 'L', 'Tangerang', '2007-03-02', 'Jl. Gajah Mada No. 27', '08112233051'),
(57, '2024057', 'Elsa Fitriani',        6, 'P', 'Depok',     '2007-06-13', 'Jl. Gajah Mada No. 28', '08112233052'),
(58, '2024058', 'Fikri Ananda',         6, 'L', 'Bandung',   '2007-09-22', 'Jl. Gajah Mada No. 29', '08112233053'),
(59, '2024059', 'Gita Savitri',         6, 'P', 'Jakarta',   '2007-12-01', 'Jl. Gajah Mada No. 30', '08112233054'),
(60, '2024060', 'Hadi Wibisono',        6, 'L', 'Bogor',     '2007-04-16', 'Jl. Gajah Mada No. 31', '08112233055'),
(61, '2024061', 'Intan Permatasari',    6, 'P', 'Jakarta',   '2007-07-29', 'Jl. Gajah Mada No. 32', '08112233056'),

-- Kelas XII IPA 1 (id=7) [existing: 2024005 Eko] -> +9 siswa
(62, '2024062', 'Jasmine Aurelia',      7, 'P', 'Jakarta',   '2006-01-10', 'Jl. Diponegoro No. 13', '08112233057'),
(63, '2024063', 'Krisna Aditya',        7, 'L', 'Bandung',   '2006-04-25', 'Jl. Diponegoro No. 14', '08112233058'),
(64, '2024064', 'Luna Maharani',        7, 'P', 'Bogor',     '2006-07-08', 'Jl. Diponegoro No. 15', '08112233059'),
(65, '2024065', 'Mahesa Putra',         7, 'L', 'Depok',     '2006-10-15', 'Jl. Diponegoro No. 16', '08112233060'),
(66, '2024066', 'Novita Sari',          7, 'P', 'Bekasi',    '2006-02-20', 'Jl. Diponegoro No. 17', '08112233061'),
(67, '2024067', 'Oki Ardianto',         7, 'L', 'Jakarta',   '2006-05-05', 'Jl. Diponegoro No. 18', '08112233062'),
(68, '2024068', 'Prima Handayani',      7, 'P', 'Tangerang', '2006-08-12', 'Jl. Diponegoro No. 19', '08112233063'),
(69, '2024069', 'Rama Wijaya',          7, 'L', 'Bandung',   '2006-11-28', 'Jl. Diponegoro No. 20', '08112233064'),
(70, '2024070', 'Selvi Anggraini',      7, 'P', 'Jakarta',   '2006-03-17', 'Jl. Diponegoro No. 21', '08112233065'),

-- Kelas XII IPA 2 (id=8) -> +10 siswa
(71, '2024071', 'Tri Haryadi',          8, 'L', 'Bogor',     '2006-06-09', 'Jl. Diponegoro No. 22', '08112233066'),
(72, '2024072', 'Umi Kulsum',           8, 'P', 'Jakarta',   '2006-09-22', 'Jl. Diponegoro No. 23', '08112233067'),
(73, '2024073', 'Varel Mahendra',       8, 'L', 'Depok',     '2006-12-04', 'Jl. Diponegoro No. 24', '08112233068'),
(74, '2024074', 'Widya Oktaviani',      8, 'P', 'Bekasi',    '2006-02-15', 'Jl. Diponegoro No. 25', '08112233069'),
(75, '2024075', 'Xena Permana',         8, 'L', 'Tangerang', '2006-05-30', 'Jl. Diponegoro No. 26', '08112233070'),
(76, '2024076', 'Yosi Hartanto',        8, 'L', 'Jakarta',   '2006-08-08', 'Jl. Diponegoro No. 27', '08112233071'),
(77, '2024077', 'Zulfa Khairunnisa',    8, 'P', 'Bandung',   '2006-11-14', 'Jl. Diponegoro No. 28', '08112233072'),
(78, '2024078', 'Ardi Gunawan',         8, 'L', 'Bogor',     '2006-01-25', 'Jl. Diponegoro No. 29', '08112233073'),
(79, '2024079', 'Bunga Puspita',        8, 'P', 'Jakarta',   '2006-04-18', 'Jl. Diponegoro No. 30', '08112233074'),
(80, '2024080', 'Candra Kirana',        8, 'P', 'Depok',     '2006-07-11', 'Jl. Diponegoro No. 31', '08112233075'),

-- Kelas XII IPS 1 (id=9) -> +10 siswa
(81, '2024081', 'Dimas Saputra',        9, 'L', 'Jakarta',   '2006-02-28', 'Jl. Diponegoro No. 32', '08112233076'),
(82, '2024082', 'Eka Rahmawati',        9, 'P', 'Bekasi',    '2006-05-14', 'Jl. Diponegoro No. 33', '08112233077'),
(83, '2024083', 'Faris Maulana',        9, 'L', 'Bogor',     '2006-08-20', 'Jl. Diponegoro No. 34', '08112233078'),
(84, '2024084', 'Gilang Prakoso',       9, 'L', 'Tangerang', '2006-11-05', 'Jl. Diponegoro No. 35', '08112233079'),
(85, '2024085', 'Hana Safira',          9, 'P', 'Depok',     '2006-03-12', 'Jl. Diponegoro No. 36', '08112233080'),
(86, '2024086', 'Irwan Kurniawan',      9, 'L', 'Jakarta',   '2006-06-25', 'Jl. Diponegoro No. 37', '08112233081'),
(87, '2024087', 'Jihan Fadhilah',       9, 'P', 'Bandung',   '2006-09-08', 'Jl. Diponegoro No. 38', '08112233082'),
(88, '2024088', 'Kurnia Aji',           9, 'L', 'Bogor',     '2006-12-19', 'Jl. Diponegoro No. 39', '08112233083'),
(89, '2024089', 'Larasati Dewi',        9, 'P', 'Jakarta',   '2006-04-02', 'Jl. Diponegoro No. 40', '08112233084'),
(90, '2024090', 'Miko Andriansyah',     9, 'L', 'Depok',     '2006-07-15', 'Jl. Diponegoro No. 41', '08112233085'),

-- Ekstra (campur)
(91, '2024091', 'Naysila Putri',        1, 'P', 'Jakarta',   '2008-10-10', 'Jl. Kenangan No. 1',    '08112233086'),
(92, '2024092', 'Olivia Chandra',       3, 'P', 'Bandung',   '2008-12-25', 'Jl. Kenangan No. 2',    '08112233087');

-- ============================================
-- 7. NILAI DUMMY - Semester 1, 2024/2025
-- ============================================
-- Fungsi: NA = (NH * 0.4) + (UTS * 0.3) + (UAS * 0.3)

INSERT IGNORE INTO `nilai` (`id`, `siswa_id`, `mapel_id`, `semester`, `tahun_ajaran`, `nilai_harian`, `nilai_uts`, `nilai_uas`, `nilai_akhir`) VALUES

-- ==================== SMT 1 2024/2025 ====================
-- Siswa id 1-13 (Kelas X IPA 1)
(100, 1, 1, '1', '2024/2025', 85,80,88,84.4),  (101, 1, 2, '1', '2024/2025', 90,85,92,89.1),
(102, 1, 3, '1', '2024/2025', 82,78,85,81.7),  (103, 1, 4, '1', '2024/2025', 78,82,80,79.8),
(104, 1, 5, '1', '2024/2025', 88,85,90,87.7),  (105, 1, 6, '1', '2024/2025', 80,75,78,77.8),
(106, 1, 7, '1', '2024/2025', 85,82,86,84.4),  (107, 1, 8, '1', '2024/2025', 75,70,78,74.4),
(108, 1, 11,'1', '2024/2025', 80,82,84,81.8),  (109, 1, 12,'1', '2024/2025', 88,86,90,87.8),

(110, 2, 1, '1', '2024/2025', 78,75,80,77.7),  (111, 2, 2, '1', '2024/2025', 85,88,90,87.4),
(112, 2, 3, '1', '2024/2025', 70,68,75,70.9),  (113, 2, 4, '1', '2024/2025', 82,80,78,80.2),
(114, 2, 5, '1', '2024/2025', 80,78,85,80.7),  (115, 2, 6, '1', '2024/2025', 85,82,88,84.8),
(116, 2, 7, '1', '2024/2025', 78,75,80,77.7),  (117, 2, 8, '1', '2024/2025', 80,76,82,79.4),
(118, 2, 11,'1', '2024/2025', 82,84,80,82.0),  (119, 2, 12,'1', '2024/2025', 76,74,78,76.0),

(120, 6, 1, '1', '2024/2025', 90,92,88,90.0),  (121, 6, 2, '1', '2024/2025', 85,88,86,86.2),
(122, 6, 3, '1', '2024/2025', 88,85,90,87.7),  (123, 6, 4, '1', '2024/2025', 84,86,82,84.0),
(124, 6, 5, '1', '2024/2025', 92,90,88,90.2),  (125, 6, 6, '1', '2024/2025', 86,84,88,86.0),
(126, 6, 7, '1', '2024/2025', 88,86,90,88.0),  (127, 6, 8, '1', '2024/2025', 82,84,80,82.0),
(128, 6, 11,'1', '2024/2025', 90,88,92,90.0),  (129, 6, 12,'1', '2024/2025', 94,92,90,92.2),

(130, 7, 1, '1', '2024/2025', 75,70,78,74.4),  (131, 7, 2, '1', '2024/2025', 80,82,78,80.0),
(132, 7, 3, '1', '2024/2025', 72,68,74,71.4),  (133, 7, 4, '1', '2024/2025', 78,80,75,77.7),
(134, 7, 5, '1', '2024/2025', 76,72,78,75.4),  (135, 7, 6, '1', '2024/2025', 82,78,80,80.2),
(136, 7, 7, '1', '2024/2025', 80,76,82,79.4),  (137, 7, 8, '1', '2024/2025', 74,70,75,73.1),
(138, 7, 11,'1', '2024/2025', 78,80,76,78.0),  (139, 7, 12,'1', '2024/2025', 70,68,74,70.6),

(140, 8, 1, '1', '2024/2025', 82,85,80,82.3),  (141, 8, 2, '1', '2024/2025', 88,85,90,87.7),
(142, 8, 3, '1', '2024/2025', 80,82,84,81.8),  (143, 8, 4, '1', '2024/2025', 85,80,88,84.4),
(144, 8, 5, '1', '2024/2025', 84,82,86,84.0),  (145, 8, 6, '1', '2024/2025', 78,75,80,77.7),
(146, 8, 7, '1', '2024/2025', 82,80,85,82.3),  (147, 8, 8, '1', '2024/2025', 76,78,74,76.0),
(148, 8, 11,'1', '2024/2025', 84,82,86,84.0),  (149, 8, 12,'1', '2024/2025', 82,80,84,82.0),

(150, 9, 1, '1', '2024/2025', 70,65,72,69.1),  (151, 9, 2, '1', '2024/2025', 75,72,78,75.0),
(152, 9, 3, '1', '2024/2025', 68,65,70,67.7),  (153, 9, 4, '1', '2024/2025', 72,70,75,72.3),
(154, 9, 5, '1', '2024/2025', 74,70,78,74.0),  (155, 9, 6, '1', '2024/2025', 78,75,80,77.7),
(156, 9, 7, '1', '2024/2025', 76,72,78,75.4),  (157, 9, 8, '1', '2024/2025', 70,68,72,70.0),
(158, 9, 11,'1', '2024/2025', 74,72,76,74.0),  (159, 9, 12,'1', '2024/2025', 68,65,70,67.7),

(160, 10, 1, '1', '2024/2025', 88,90,85,87.7), (161, 10, 2, '1', '2024/2025', 82,85,80,82.3),
(162, 10, 3, '1', '2024/2025', 86,88,84,86.0), (163, 10, 4, '1', '2024/2025', 80,82,78,80.0),
(164, 10, 5, '1', '2024/2025', 90,88,86,88.2), (165, 10, 6, '1', '2024/2025', 84,82,86,84.0),
(166, 10, 7, '1', '2024/2025', 86,84,88,86.0), (167, 10, 8, '1', '2024/2025', 80,76,82,79.4),
(168, 10, 11,'1', '2024/2025', 88,86,84,86.2), (169, 10, 12,'1', '2024/2025', 92,90,88,90.2),

-- Kelas X IPA 1 - siswa 11,12,13 (nilai lebih cepat, mapel utama saja)
(170, 11, 1, '1', '2024/2025', 74,70,76,73.4),  (171, 11, 2, '1', '2024/2025', 78,75,80,77.7),
(172, 11, 3, '1', '2024/2025', 70,68,74,70.6),  (173, 11, 5, '1', '2024/2025', 76,72,78,75.4),
(174, 11, 7, '1', '2024/2025', 80,76,82,79.4),  (175, 11, 12,'1', '2024/2025', 72,70,76,72.6),

(176, 12, 1, '1', '2024/2025', 92,90,94,92.0),  (177, 12, 2, '1', '2024/2025', 90,88,92,90.0),
(178, 12, 3, '1', '2024/2025', 88,90,86,88.0),  (179, 12, 5, '1', '2024/2025', 94,92,90,92.2),
(180, 12, 7, '1', '2024/2025', 90,88,86,88.2),  (181, 12, 12,'1', '2024/2025', 96,94,92,94.2),

(182, 13, 1, '1', '2024/2025', 80,82,78,80.0),  (183, 13, 2, '1', '2024/2025', 85,82,88,85.1),
(184, 13, 3, '1', '2024/2025', 78,76,80,78.0),  (185, 13, 5, '1', '2024/2025', 82,84,80,82.0),
(186, 13, 7, '1', '2024/2025', 84,80,82,82.2),  (187, 13, 12,'1', '2024/2025', 78,80,76,78.0),

-- Kelas X IPA 1, siswa 91
(188, 91, 1, '1', '2024/2025', 80,78,82,80.0),  (189, 91, 2, '1', '2024/2025', 82,80,84,82.0),
(190, 91, 3, '1', '2024/2025', 76,74,78,76.0),  (191, 91, 5, '1', '2024/2025', 84,82,86,84.0),
(192, 91, 7, '1', '2024/2025', 78,80,76,78.0),  (193, 91, 12,'1', '2024/2025', 80,78,82,80.0),

-- ==================== Kelas X IPA 2 (id 2, siswa 3,14-22) ====================
(194, 3, 1, '1', '2024/2025', 88,90,85,87.7),  (195, 3, 2, '1', '2024/2025', 82,80,85,82.3),
(196, 3, 3, '1', '2024/2025', 85,88,82,85.0),  (197, 3, 5, '1', '2024/2025', 86,84,88,86.0),
(198, 3, 7, '1', '2024/2025', 82,85,80,82.3),  (199, 3, 12,'1', '2024/2025', 88,86,90,88.0),

(200, 14, 1, '1', '2024/2025', 78,75,80,77.7), (201, 14, 2, '1', '2024/2025', 82,80,85,82.3),
(202, 14, 3, '1', '2024/2025', 74,70,76,73.4), (203, 14, 5, '1', '2024/2025', 80,78,82,80.0),
(204, 14, 7, '1', '2024/2025', 76,72,78,75.4), (205, 14, 12,'1', '2024/2025', 72,70,74,72.0),

(206, 15, 1, '1', '2024/2025', 92,94,90,92.0), (207, 15, 2, '1', '2024/2025', 88,90,86,88.0),
(208, 15, 3, '1', '2024/2025', 90,88,92,90.0), (209, 15, 5, '1', '2024/2025', 94,92,90,92.2),
(210, 15, 7, '1', '2024/2025', 86,88,84,86.0), (211, 15, 12,'1', '2024/2025', 96,94,92,94.2),

(212, 16, 1, '1', '2024/2025', 70,68,72,70.0), (213, 16, 2, '1', '2024/2025', 75,72,78,75.0),
(214, 16, 3, '1', '2024/2025', 68,65,70,67.7), (215, 16, 5, '1', '2024/2025', 72,70,74,72.0),
(216, 16, 7, '1', '2024/2025', 70,68,72,70.0), (217, 16, 12,'1', '2024/2025', 65,60,68,64.4),

(218, 17, 1, '1', '2024/2025', 85,88,82,85.0), (219, 17, 2, '1', '2024/2025', 90,88,92,90.0),
(220, 17, 3, '1', '2024/2025', 82,85,80,82.3), (221, 17, 5, '1', '2024/2025', 88,86,84,86.2),
(222, 17, 7, '1', '2024/2025', 84,82,86,84.0), (223, 17, 12,'1', '2024/2025', 86,84,88,86.0),

(224, 18, 1, '1', '2024/2025', 76,74,78,76.0), (225, 18, 2, '1', '2024/2025', 80,78,82,80.0),
(226, 18, 3, '1', '2024/2025', 72,70,76,72.6), (227, 18, 5, '1', '2024/2025', 78,76,80,78.0),
(228, 18, 7, '1', '2024/2025', 74,72,78,74.6), (229, 18, 12,'1', '2024/2025', 70,68,74,70.6),

(230, 19, 1, '1', '2024/2025', 88,86,90,88.0), (231, 19, 2, '1', '2024/2025', 85,88,82,85.0),
(232, 19, 3, '1', '2024/2025', 86,84,88,86.0), (233, 19, 5, '1', '2024/2025', 90,88,86,88.2),
(234, 19, 7, '1', '2024/2025', 82,84,80,82.0), (235, 19, 12,'1', '2024/2025', 88,86,84,86.2),

(236, 20, 1, '1', '2024/2025', 72,70,74,72.0), (237, 20, 2, '1', '2024/2025', 76,74,78,76.0),
(238, 20, 3, '1', '2024/2025', 70,68,72,70.0), (239, 20, 5, '1', '2024/2025', 74,72,76,74.0),
(240, 20, 7, '1', '2024/2025', 72,70,74,72.0), (241, 20, 12,'1', '2024/2025', 68,66,70,68.0),

(242, 21, 1, '1', '2024/2025', 82,80,84,82.0), (243, 21, 2, '1', '2024/2025', 86,84,88,86.0),
(244, 21, 3, '1', '2024/2025', 80,78,82,80.0), (245, 21, 5, '1', '2024/2025', 84,82,86,84.0),
(246, 21, 7, '1', '2024/2025', 78,80,76,78.0), (247, 21, 12,'1', '2024/2025', 82,80,84,82.0),

(248, 22, 1, '1', '2024/2025', 90,92,88,90.0), (249, 22, 2, '1', '2024/2025', 88,86,90,88.0),
(250, 22, 3, '1', '2024/2025', 92,90,88,90.2), (251, 22, 5, '1', '2024/2025', 94,92,90,92.2),
(252, 22, 7, '1', '2024/2025', 88,90,86,88.0), (253, 22, 12,'1', '2024/2025', 96,94,92,94.2),

-- ==================== Kelas XI IPA 1 (id 4, siswa 4,33-41) ====================
(254, 4, 1, '1', '2024/2025', 82,80,85,82.3),  (255, 4, 2, '1', '2024/2025', 88,85,90,87.7),
(256, 4, 3, '1', '2024/2025', 80,82,84,81.8),  (257, 4, 5, '1', '2024/2025', 84,86,82,84.0),
(258, 4, 7, '1', '2024/2025', 82,80,86,82.6),  (259, 4, 12,'1', '2024/2025', 86,84,82,84.2),

(260, 33, 1, '1', '2024/2025', 78,75,80,77.7), (261, 33, 2, '1', '2024/2025', 82,80,78,80.2),
(262, 33, 3, '1', '2024/2025', 76,72,78,75.4), (263, 33, 5, '1', '2024/2025', 80,78,82,80.0),
(264, 33, 7, '1', '2024/2025', 74,76,72,74.0), (265, 33, 12,'1', '2024/2025', 78,75,80,77.7),

(266, 34, 1, '1', '2024/2025', 90,92,88,90.0), (267, 34, 2, '1', '2024/2025', 88,90,86,88.0),
(268, 34, 3, '1', '2024/2025', 92,90,88,90.2), (269, 34, 5, '1', '2024/2025', 94,92,90,92.2),
(270, 34, 7, '1', '2024/2025', 86,88,84,86.0), (271, 34, 12,'1', '2024/2025', 96,94,92,94.2),

(272, 35, 1, '1', '2024/2025', 74,70,76,73.4), (273, 35, 2, '1', '2024/2025', 78,75,80,77.7),
(274, 35, 3, '1', '2024/2025', 70,68,74,70.6), (275, 35, 5, '1', '2024/2025', 76,72,78,75.4),
(276, 35, 7, '1', '2024/2025', 72,74,70,72.0), (277, 35, 12,'1', '2024/2025', 74,70,76,73.4),

(278, 36, 1, '1', '2024/2025', 86,88,84,86.0), (279, 36, 2, '1', '2024/2025', 84,86,82,84.0),
(280, 36, 3, '1', '2024/2025', 88,86,84,86.2), (281, 36, 5, '1', '2024/2025', 90,88,86,88.2),
(282, 36, 7, '1', '2024/2025', 82,84,80,82.0), (283, 36, 12,'1', '2024/2025', 84,86,82,84.0),

-- ==================== Kelas XII IPA 1 (id 7, siswa 5,62-70) ====================
(284, 5, 1, '1', '2024/2025', 80,78,82,80.0),  (285, 5, 2, '1', '2024/2025', 85,82,88,85.1),
(286, 5, 3, '1', '2024/2025', 82,80,85,82.3),  (287, 5, 5, '1', '2024/2025', 86,84,82,84.2),
(288, 5, 7, '1', '2024/2025', 80,82,78,80.0),  (289, 5, 12,'1', '2024/2025', 84,82,86,84.0),

(290, 62, 1, '1', '2024/2025', 88,90,86,88.0), (291, 62, 2, '1', '2024/2025', 86,84,88,86.0),
(292, 62, 3, '1', '2024/2025', 90,88,92,90.0), (293, 62, 5, '1', '2024/2025', 92,90,88,90.2),
(294, 62, 7, '1', '2024/2025', 84,86,82,84.0), (295, 62, 12,'1', '2024/2025', 88,90,86,88.0),

(296, 63, 1, '1', '2024/2025', 70,68,74,70.6), (297, 63, 2, '1', '2024/2025', 74,72,76,74.0),
(298, 63, 3, '1', '2024/2025', 68,65,70,67.7), (299, 63, 5, '1', '2024/2025', 72,70,74,72.0),
(300, 63, 7, '1', '2024/2025', 70,66,72,69.4), (301, 63, 12,'1', '2024/2025', 68,65,70,67.7),

(302, 64, 1, '1', '2024/2025', 82,85,80,82.3), (303, 64, 2, '1', '2024/2025', 80,82,78,80.0),
(304, 64, 3, '1', '2024/2025', 84,82,86,84.0), (305, 64, 5, '1', '2024/2025', 86,84,88,86.0),
(306, 64, 7, '1', '2024/2025', 80,78,82,80.0), (307, 64, 12,'1', '2024/2025', 82,84,80,82.0),

(308, 65, 1, '1', '2024/2025', 92,94,90,92.0), (309, 65, 2, '1', '2024/2025', 90,92,88,90.0),
(310, 65, 3, '1', '2024/2025', 94,92,90,92.2), (311, 65, 5, '1', '2024/2025', 96,94,92,94.2),
(312, 65, 7, '1', '2024/2025', 88,90,86,88.0), (313, 65, 12,'1', '2024/2025', 98,96,94,96.2),

-- ==================== SMT 2 2024/2025 (beberapa kelas saja) ====================
-- X IPA 1 (siswa 1,2,6,7,10)
(400, 1, 1, '2', '2024/2025', 88,86,90,88.0),  (401, 1, 2, '2', '2024/2025', 92,90,88,90.2),
(402, 1, 3, '2', '2024/2025', 84,82,86,84.0),  (403, 1, 12,'2', '2024/2025', 90,88,86,88.2),

(404, 2, 1, '2', '2024/2025', 80,78,82,80.0),  (405, 2, 2, '2', '2024/2025', 88,85,82,85.3),
(406, 2, 3, '2', '2024/2025', 76,74,78,76.0),  (407, 2, 12,'2', '2024/2025', 78,80,76,78.0),

(408, 6, 1, '2', '2024/2025', 94,92,90,92.2),  (409, 6, 2, '2', '2024/2025', 90,92,88,90.0),
(410, 6, 3, '2', '2024/2025', 92,90,88,90.2),  (411, 6, 12,'2', '2024/2025', 96,94,92,94.2),

(412, 7, 1, '2', '2024/2025', 78,75,80,77.7),  (413, 7, 2, '2', '2024/2025', 82,80,78,80.2),
(414, 7, 3, '2', '2024/2025', 74,72,76,74.0),  (415, 7, 12,'2', '2024/2025', 72,70,74,72.0),

(416, 10, 1, '2', '2024/2025', 92,90,88,90.2), (417, 10, 2, '2', '2024/2025', 86,88,84,86.0),
(418, 10, 3, '2', '2024/2025', 90,88,86,88.2), (419, 10, 12,'2', '2024/2025', 94,92,90,92.2),

-- XII IPA 1 (siswa 5,62,64,65) - SMT 2
(420, 5, 1, '2', '2024/2025', 84,82,86,84.0),  (421, 5, 2, '2', '2024/2025', 88,86,84,86.2),
(422, 5, 3, '2', '2024/2025', 86,84,88,86.0),  (423, 5, 12,'2', '2024/2025', 82,84,80,82.0),

(424, 62, 1, '2', '2024/2025', 90,92,88,90.0), (425, 62, 2, '2', '2024/2025', 88,90,86,88.0),
(426, 62, 3, '2', '2024/2025', 92,90,88,90.2), (427, 62, 12,'2', '2024/2025', 90,88,86,88.2),

(428, 64, 1, '2', '2024/2025', 86,84,88,86.0), (429, 64, 2, '2', '2024/2025', 82,84,80,82.0),
(430, 64, 3, '2', '2024/2025', 88,86,84,86.2), (431, 64, 12,'2', '2024/2025', 84,86,82,84.0),

(432, 65, 1, '2', '2024/2025', 96,94,92,94.2), (433, 65, 2, '2', '2024/2025', 94,96,92,94.0),
(434, 65, 3, '2', '2024/2025', 98,96,94,96.2), (435, 65, 12,'2', '2024/2025', 100,98,96,98.2),

-- ==================== SMT 1 2025/2026 (data baru) ====================
-- X IPA 1
(500, 1, 1, '1', '2025/2026', 90,88,92,90.0),  (501, 1, 2, '1', '2025/2026', 92,90,94,92.0),
(502, 1, 3, '1', '2025/2026', 88,86,90,88.0),  (503, 1, 12,'1', '2025/2026', 94,92,90,92.2),
(504, 2, 1, '1', '2025/2026', 82,80,84,82.0),  (505, 2, 2, '1', '2025/2026', 90,88,86,88.2),
(506, 2, 3, '1', '2025/2026', 80,78,82,80.0),  (507, 2, 12,'1', '2025/2026', 84,82,80,82.2),
(508, 6, 1, '1', '2025/2026', 96,94,92,94.2),  (509, 6, 2, '1', '2025/2026', 92,94,90,92.0),
(510, 6, 3, '1', '2025/2026', 94,92,90,92.2),  (511, 6, 12,'1', '2025/2026', 98,96,94,96.2),
(512, 7, 1, '1', '2025/2026', 80,78,82,80.0),  (513, 7, 2, '1', '2025/2026', 84,82,80,82.2),
(514, 7, 3, '1', '2025/2026', 76,74,78,76.0),  (515, 7, 12,'1', '2025/2026', 78,76,80,78.0),

-- XII IPA 1
(516, 5, 1, '1', '2025/2026', 88,86,90,88.0),  (517, 5, 2, '1', '2025/2026', 90,88,92,90.0),
(518, 5, 3, '1', '2025/2026', 86,84,88,86.0),  (519, 5, 12,'1', '2025/2026', 88,90,86,88.0),
(520, 62, 1, '1', '2025/2026', 92,94,90,92.0), (521, 62, 2, '1', '2025/2026', 90,92,88,90.0),
(522, 62, 3, '1', '2025/2026', 94,92,90,92.2), (523, 62, 12,'1', '2025/2026', 92,94,90,92.0),
(524, 65, 1, '1', '2025/2026', 98,96,94,96.2), (525, 65, 2, '1', '2025/2026', 96,98,94,96.0),
(526, 65, 3, '1', '2025/2026', 100,98,96,98.2),(527, 65, 12,'1', '2025/2026', 100,100,98,99.4);

-- ============================================
-- 8. UPDATE USER ROLES (tambah guru login)
-- ============================================
INSERT IGNORE INTO `users` (`id`, `username`, `password`, `nama`, `role`, `guru_id`) VALUES
(2, 'guru1', '$2y$10$92IXUNpkjO0rOQ5byMi.Ye4oKoEa3Ro9llC/.og/at2.uheWG/igi', 'Budi Santoso, S.Pd', 'guru', 1),
(3, 'guru2', '$2y$10$92IXUNpkjO0rOQ5byMi.Ye4oKoEa3Ro9llC/.og/at2.uheWG/igi', 'Siti Rahayu, S.Pd', 'guru', 2);

-- ============================================
-- SELESAI
-- ============================================
SELECT 'Dummy data inserted successfully!' AS status;
SELECT COUNT(*) AS total_siswa FROM siswa;
SELECT COUNT(*) AS total_guru FROM guru;
SELECT COUNT(*) AS total_nilai FROM nilai;
SELECT COUNT(*) AS total_mapel FROM mata_pelajaran;
